{"1633617282.9602923": {"predict_period": [202001, 202007], "train_period": [201600, 202000], "svds_k": 600, "result": {"recall@3": 0.0763242151165621, "recall@5": 0.08818843492920525, "recall@10": 0.10164796927657399}}, "1633617339.3704972": {"predict_period": [202001, 202007], "train_period": [201600, 202000], "svds_k": 600, "result": {"recall@3": 0.07298862013509108, "recall@5": 0.08348046228471423, "recall@10": 0.09356812089583295}}, "1633617389.6623042": {"predict_period": [202001, 202007], "train_period": [201600, 202000], "svds_k": 600, "result": {"recall@3": 0.06489602993159901, "recall@5": 0.0726196689583359, "recall@10": 0.07963312552126164}}, "1633617429.20414": {"predict_period": [202001, 202007], "train_period": [201600, 202000], "svds_k": 600, "result": {"recall@3": 0.04807009180924613, "recall@5": 0.05217796135545362, "recall@10": 0.05537329310867086}}, "1633617461.6731992": {"predict_period": [202001, 202007], "train_period": [201600, 202000], "svds_k": 600, "result": {"recall@3": 0.03457981501080246, "recall@5": 0.037111622479035766, "recall@10": 0.03857327254390756}}}