{"1633613314.5438707": {
    "predict_period": [202001, 202007], 
    "train_period": [201600, 202000], 
    "svds_k": 1, 
    "result": {
        "recall@3": 0.037432637586144304, 
        "recall@5": 0.043721846215940836, 
        "recall@10": 0.058805401827529184
    }
}, "1633613368.4472916": {
    "predict_period": [202001, 202007], 
    "train_period": [201600, 202000], 
    "svds_k": 56, 
    "result": {
        "recall@3": 0.060783487326345795, 
        "recall@5": 0.07288343299762273, 
        "recall@10": 0.0896346760144478
    }
}, "1633613422.879781": {
    "predict_period": [202001, 202007], 
    "train_period": [201600, 202000], 
    "svds_k": 111, 
    "result": {
        "recall@3": 0.06379892144719067, 
        "recall@5": 0.07484645979628334, 
        "recall@10": 0.08832427995408115
    }
}, "1633613477.3375728": {
    "predict_period": [202001, 202007], 
    "train_period": [201600, 202000], 
    "svds_k": 167, 
    "result": {
        "recall@3": 0.06710034867931042, 
        "recall@5": 0.07832653191248878, 
        "recall@10": 0.09141859592284654
    }
}, "1633613532.2852144": {
    "predict_period": [202001, 202007], 
    "train_period": [201600, 202000], 
    "svds_k": 222, "result": {
        "recall@3": 0.06906289287862098, 
        "recall@5": 0.080291571660716, 
        "recall@10": 0.0942000292567183
    }
}, "1633613587.9067748": {
    "predict_period": [202001, 202007], 
    "train_period": [201600, 202000], 
    "svds_k": 278, 
    "result": {
        "recall@3": 0.07143919096557773, 
        "recall@5": 0.08320050089626908, 
        "recall@10": 0.09641448950929288
    }
}, "1633613644.42099": {
    "predict_period": [202001, 202007],
    "train_period": [201600, 202000], 
    "svds_k": 333, 
    "result": {
        "recall@3": 0.0727456265863301, 
        "recall@5": 0.08440084933514512, 
        "recall@10": 0.09721904722936191
    }}, "1633613701.0005517": {
        "predict_period": [202001, 202007], 
        "train_period": [201600, 202000], 
        "svds_k": 389, 
        "result": {
            "recall@3": 0.07370371015827812, 
            "recall@5": 0.08521513921822478, 
            "recall@10": 0.09840653158196568
        }
 }, "1633613758.7380812": {
     "predict_period": [202001, 202007], 
     "train_period": [201600, 202000], 
     "svds_k": 444, 
     "result": {
         "recall@3": 0.07524025075269042, 
         "recall@5": 0.08605515928911844, 
         "recall@10": 0.09948158348599491}
 }, "1633613816.9872131": {"predict_period": [202001, 202007], "train_period": [201600, 202000], "svds_k": 500, "result": {"recall@3": 0.0755451304307463, "recall@5": 0.08708056740433869, "recall@10": 0.09970867261142977}}, "1633613907.5693827": {"predict_period": [202001, 202007], "train_period": [201600, 202000], "svds_k": 600, "result": {"recall@3": 0.0763242151165621, "recall@5": 0.08818843492920525, "recall@10": 0.10164796927657399}}, "1633613968.0974004": {"predict_period": [202001, 202007], "train_period": [201600, 202000], "svds_k": 644, "result": {"recall@3": 0.07668130293715529, "recall@5": 0.08855818283617566, "recall@10": 0.10070496080198939}}, "1633614029.1658947": {"predict_period": [202001, 202007], "train_period": [201600, 202000], "svds_k": 688, "result": {"recall@3": 0.07711999690964529, "recall@5": 0.08884269990393409, "recall@10": 0.10032448835189142}}, "1633614091.3043802": {"predict_period": [202001, 202007], "train_period": [201600, 202000], "svds_k": 733, "result": {"recall@3": 0.0774386659824459, "recall@5": 0.08917425285506929, "recall@10": 0.1008802869226974}}, "1633614154.75871": {"predict_period": [202001, 202007], "train_period": [201600, 202000], "svds_k": 777, "result": {"recall@3": 0.07754391738100139, "recall@5": 0.08958764600286097, "recall@10": 0.10122124878593022}}, "1633614219.4173474": {"predict_period": [202001, 202007], "train_period": [201600, 202000], "svds_k": 822, "result": {"recall@3": 0.07807113650689713, "recall@5": 0.08958336797283628, "recall@10": 0.10125684430958366}}, "1633614286.4491658": {"predict_period": [202001, 202007], "train_period": [201600, 202000], "svds_k": 866, "result": {"recall@3": 0.0776356628805086, "recall@5": 0.08957554492349568, "recall@10": 0.10100178611493915}}, "1633614355.2501335": {"predict_period": [202001, 202007], "train_period": [201600, 202000], "svds_k": 911, "result": {"recall@3": 0.07786050492106032, "recall@5": 0.08965865708165532, "recall@10": 0.10076122510090559}}, "1633614424.992657": {"predict_period": [202001, 202007], "train_period": [201600, 202000], "svds_k": 955, "result": {"recall@3": 0.07840139245403553, "recall@5": 0.08979568192693815, "recall@10": 0.10060356307185682}}, "1633614498.40946": {"predict_period": [202001, 202007], "train_period": [201600, 202000], "svds_k": 1000, "result": {"recall@3": 0.07834927537552397, "recall@5": 0.08973411814211942, "recall@10": 0.10050015470238981}}, "1633614770.8725955": {"predict_period": [202001, 202007], "train_period": [201600, 202000], "svds_k": 1100, "result": {"recall@3": 0.07844337157447466, "recall@5": 0.09001950948898942, "recall@10": 0.10042929913374019}}, "1633614850.6158729": {"predict_period": [202001, 202007], "train_period": [201600, 202000], "svds_k": 1200, "result": {"recall@3": 0.07832702003632175, "recall@5": 0.08995225451777704, "recall@10": 0.10016936986595888}}, "1633614936.0526767": {"predict_period": [202001, 202007], "train_period": [201600, 202000], "svds_k": 1300, "result": {"recall@3": 0.07838954316163195, "recall@5": 0.08975267328336352, "recall@10": 0.10028123577016577}}, "1633615021.5698433": {"predict_period": [202001, 202007], "train_period": [201600, 202000], "svds_k": 1400, "result": {"recall@3": 0.07913978845937726, "recall@5": 0.0899897927464264, "recall@10": 0.09997521667850334}}, "1633615105.49302": {"predict_period": [202001, 202007], "train_period": [201600, 202000], "svds_k": 1500, "result": {"recall@3": 0.07882799034692504, "recall@5": 0.08977330503758506, "recall@10": 0.10025299914637495}}, "1633615192.657673": {"predict_period": [202001, 202007], "train_period": [201600, 202000], "svds_k": 1600, "result": {"recall@3": 0.07923496714565564, "recall@5": 0.08960727477966689, "recall@10": 0.10011721810201406}}, "1633615279.3104796": {"predict_period": [202001, 202007], "train_period": [201600, 202000], "svds_k": 1700, "result": {"recall@3": 0.07938223599334197, "recall@5": 0.09010277993641437, "recall@10": 0.1000279458246506}}, "1633615364.843734": {"predict_period": [202001, 202007], "train_period": [201600, 202000], "svds_k": 1800, "result": {"recall@3": 0.07887316961902986, "recall@5": 0.09000090520893064, "recall@10": 0.10018390643039972}}, "1633615451.5558805": {"predict_period": [202001, 202007], "train_period": [201600, 202000], "svds_k": 1900, "result": {"recall@3": 0.07887008466751007, "recall@5": 0.08974602853988191, "recall@10": 0.10046982347679437}}, "1633615534.7709749": {"predict_period": [202001, 202007], "train_period": [201600, 202000], "svds_k": 2000, "result": {"recall@3": 0.07876391508713401, "recall@5": 0.08952715599906488, "recall@10": 0.1003775381278018}}, "1634026071.99604": {"predict_period": [202001, 202007], "train_period": [201600, 202000], "svds_k": 1100, "result": {"recall@3": 0.07844337157447466, "recall@5": 0.09001950948898942, "recall@10": 0.10042929913374019}}}