{"1633611837.5681367": {
    "predict_period": [202001, 202007], 
    "train_period": [201600, 202000], 
    "param": {"svds_k": 500}, 
    "result": {
        "recall@3": 0.0755451304307463, 
        "recall@5": 0.08708056740433869, 
        "recall@10": 0.09970867261142977
    }
}, "1633657578.4170303": {
     "predict_period": [202001, 202007], 
     "train_period": [202000, 202100], 
     "param": {"svds_k": 500}, 
     "result": {
         "recall@3": 0.7618583058980637, 
         "recall@5": 0.8274477756070262, 
         "recall@10": 0.876783740101258
     }
 }, "1633657718.6272242": {
     "predict_period": [202000, 202100], 
     "train_period": [202000, 202100], 
     "param": {"svds_k": 600}, 
     "result": {
         "recall@3": 0.7945462052842657, 
         "recall@5": 0.8461491894689336, 
         "recall@10": 0.8835847115119732}
 }}